<?xml version="1.0" encoding="utf-8" ?>
<component name="Hello" extends="Scene"> 
	<children>
    <!-- <Rectangle id="rect_bg" height="100" width="100"  translation="[380,150]"> -->
    <Rectangle id="rect_bg" height="100" width="100"  translation="[580,150]">
       <Poster id="v_poster" translation="[10, 10]" uri="pkg://images/img_f.png"
       height="80" width="80"
       />
    </Rectangle>
      <!-- <Label id="name_label" 
      	text="Hello Richa Shukla"
      	width="1280" 
      	height="720" 
          translation="[200,300]"
      	/> -->
         <Label id="name_label" 
      	text="Hello Richa Shukla"
      	width="1280" 
      	height="720" 
          	horizAlign="center"
      	vertAlign="center"
      	/>
    </children>
<!-- BrightScript Portion -->
<script type="text/brightscript" uri="pkg:/components/hello.brs" />
<!-- <![CDATA[
  '** 
  '** Example: Edit a Label size and color with BrightScript
  '**

  function init()
    m.top.setFocus(true)
    m.top.backgroundColor="#81B622"
    m.top.backgroundURI=""
    m.name_label = m.top.findNode("name_label")
    
    'Set the font size
    m.name_label.font.size=50

    'Set the color to light blue
    m.name_label.color="#ffffff"

    

    '**
    '** The full list of editable attributes can be located at:
    '** http://sdkdocs.roku.com/display/sdkdoc/Label#Label-Fields
    '**
  end function
]]> -->
<!-- </script> -->
<!-- End of BrightScript Portion -->
</component>
